"id","y_pred"
1,"no"
2,"yes"
3,"no"
4,"no"
5,"yes"
6,"no"
7,"yes"
8,"yes"
9,"yes"
10,"yes"
11,"no"
12,"yes"
13,"no"
14,"no"
15,"no"
16,"no"
17,"no"
18,"yes"
19,"yes"
20,"yes"
21,"yes"
22,"yes"
23,"yes"
24,"no"
25,"yes"
26,"yes"
27,"yes"
28,"yes"
29,"yes"
30,"no"
31,"no"
32,"no"
33,"yes"
34,"yes"
35,"yes"
36,"no"
37,"no"
38,"yes"
39,"yes"
40,"no"
41,"no"
42,"yes"
43,"yes"
44,"yes"
45,"yes"
46,"yes"
47,"no"
48,"no"
49,"no"
50,"no"
51,"yes"
52,"yes"
53,"yes"
54,"yes"
55,"yes"
56,"no"
57,"yes"
58,"no"
59,"yes"
60,"no"
61,"yes"
62,"no"
63,"no"
64,"no"
65,"yes"
66,"no"
67,"yes"
68,"yes"
69,"no"
70,"yes"
71,"yes"
72,"yes"
73,"yes"
74,"yes"
75,"yes"
76,"no"
77,"yes"
78,"yes"
79,"no"
80,"yes"
81,"yes"
82,"no"
83,"no"
84,"yes"
85,"yes"
86,"no"
87,"no"
88,"yes"
89,"no"
90,"no"
91,"no"
92,"yes"
93,"no"
94,"yes"
95,"no"
96,"no"
97,"yes"
98,"yes"
99,"no"
100,"yes"
101,"no"
102,"no"
103,"yes"
104,"yes"
105,"no"
106,"yes"
107,"yes"
108,"no"
109,"no"
110,"yes"
111,"yes"
112,"yes"
113,"no"
114,"yes"
115,"yes"
116,"yes"
117,"no"
118,"yes"
119,"yes"
120,"yes"
121,"yes"
122,"no"
123,"yes"
124,"yes"
125,"yes"
126,"yes"
127,"yes"
128,"yes"
129,"no"
130,"yes"
131,"no"
132,"yes"
133,"yes"
134,"yes"
135,"yes"
136,"yes"
137,"yes"
138,"no"
139,"yes"
140,"yes"
141,"no"
142,"yes"
143,"no"
144,"no"
145,"yes"
146,"yes"
147,"yes"
148,"no"
149,"yes"
150,"no"
151,"no"
152,"no"
153,"no"
154,"yes"
155,"yes"
156,"yes"
157,"no"
158,"no"
159,"yes"
160,"yes"
161,"yes"
162,"yes"
163,"yes"
164,"yes"
165,"yes"
166,"no"
167,"no"
168,"yes"
169,"yes"
170,"no"
171,"no"
172,"no"
173,"no"
174,"no"
175,"no"
176,"no"
177,"yes"
178,"yes"
179,"yes"
180,"yes"
181,"no"
182,"no"
183,"yes"
184,"yes"
185,"no"
186,"no"
187,"yes"
188,"yes"
189,"yes"
190,"no"
191,"no"
192,"no"
193,"yes"
194,"yes"
195,"yes"
196,"yes"
197,"no"
198,"yes"
199,"yes"
200,"yes"
201,"no"
202,"yes"
203,"no"
204,"no"
205,"yes"
206,"no"
207,"yes"
208,"yes"
209,"yes"
210,"yes"
211,"no"
212,"yes"
213,"yes"
214,"yes"
215,"no"
216,"no"
217,"yes"
218,"yes"
219,"yes"
220,"yes"
221,"yes"
222,"no"
223,"yes"
224,"yes"
225,"no"
226,"no"
227,"yes"
228,"no"
229,"no"
230,"no"
231,"no"
232,"no"
233,"yes"
234,"no"
235,"yes"
236,"yes"
237,"no"
238,"yes"
239,"no"
240,"yes"
241,"no"
242,"yes"
243,"no"
244,"no"
245,"yes"
246,"no"
247,"yes"
248,"yes"
249,"no"
250,"yes"
251,"no"
252,"no"
253,"yes"
254,"yes"
255,"yes"
256,"yes"
257,"no"
258,"yes"
259,"no"
260,"no"
261,"yes"
262,"yes"
263,"no"
264,"yes"
265,"yes"
266,"no"
267,"no"
268,"yes"
269,"yes"
270,"yes"
271,"yes"
272,"yes"
273,"yes"
274,"yes"
275,"yes"
276,"yes"
277,"yes"
278,"yes"
279,"no"
280,"yes"
281,"yes"
282,"yes"
283,"yes"
284,"yes"
285,"no"
286,"no"
287,"yes"
288,"no"
289,"yes"
290,"yes"
291,"no"
292,"no"
293,"no"
294,"yes"
295,"no"
296,"no"
297,"no"
298,"yes"
299,"yes"
300,"yes"
301,"no"
302,"yes"
303,"yes"
304,"yes"
305,"yes"
306,"no"
307,"yes"
308,"no"
309,"yes"
310,"yes"
311,"yes"
312,"no"
313,"no"
314,"yes"
315,"no"
316,"yes"
317,"yes"
318,"yes"
319,"no"
320,"no"
321,"yes"
322,"no"
323,"yes"
324,"yes"
325,"yes"
326,"yes"
327,"no"
328,"yes"
329,"no"
330,"yes"
331,"no"
332,"yes"
333,"yes"
334,"yes"
335,"no"
336,"no"
337,"yes"
338,"yes"
339,"no"
340,"no"
341,"yes"
342,"yes"
343,"no"
344,"no"
345,"no"
346,"yes"
347,"no"
348,"yes"
349,"no"
350,"yes"
351,"no"
352,"yes"
353,"yes"
354,"no"
355,"yes"
356,"yes"
357,"yes"
358,"no"
359,"yes"
360,"yes"
361,"yes"
362,"no"
363,"yes"
364,"yes"
365,"yes"
366,"no"
367,"yes"
368,"no"
369,"yes"
370,"no"
371,"no"
372,"no"
373,"yes"
374,"no"
375,"no"
376,"no"
377,"yes"
378,"no"
379,"yes"
380,"yes"
381,"no"
382,"yes"
383,"no"
384,"no"
385,"no"
386,"no"
387,"yes"
388,"no"
389,"yes"
390,"yes"
391,"yes"
392,"yes"
393,"yes"
394,"yes"
395,"yes"
396,"no"
397,"yes"
398,"yes"
399,"yes"
400,"no"
401,"no"
402,"no"
403,"yes"
404,"no"
405,"no"
406,"no"
407,"yes"
408,"yes"
409,"yes"
410,"yes"
411,"yes"
412,"yes"
413,"yes"
414,"no"
415,"yes"
416,"no"
417,"no"
418,"no"
419,"no"
420,"no"
421,"no"
422,"no"
423,"yes"
424,"yes"
425,"yes"
426,"no"
427,"yes"
428,"yes"
429,"yes"
430,"no"
431,"no"
432,"no"
433,"no"
434,"yes"
435,"no"
436,"yes"
437,"yes"
438,"yes"
439,"no"
440,"no"
441,"yes"
442,"no"
443,"yes"
444,"yes"
445,"yes"
446,"yes"
447,"no"
448,"yes"
449,"yes"
450,"yes"
451,"yes"
452,"yes"
453,"no"
454,"yes"
455,"no"
456,"no"
457,"no"
458,"yes"
459,"no"
460,"yes"
461,"yes"
462,"no"
463,"yes"
464,"yes"
465,"no"
466,"yes"
467,"no"
468,"yes"
469,"no"
470,"no"
471,"yes"
472,"no"
473,"no"
474,"no"
475,"yes"
476,"yes"
477,"yes"
478,"yes"
479,"yes"
480,"yes"
481,"no"
482,"yes"
483,"yes"
484,"yes"
485,"no"
486,"yes"
487,"no"
488,"yes"
489,"yes"
490,"yes"
491,"yes"
492,"yes"
493,"no"
494,"yes"
495,"no"
496,"no"
497,"yes"
498,"no"
499,"no"
500,"yes"
501,"no"
502,"yes"
503,"yes"
504,"no"
505,"no"
506,"no"
507,"yes"
508,"yes"
509,"no"
510,"yes"
511,"no"
512,"no"
513,"yes"
514,"no"
515,"yes"
516,"yes"
517,"yes"
518,"yes"
519,"yes"
520,"no"
521,"yes"
522,"no"
523,"yes"
524,"no"
525,"no"
526,"no"
527,"yes"
528,"no"
529,"yes"
530,"yes"
531,"yes"
532,"no"
533,"yes"
534,"no"
535,"yes"
536,"yes"
537,"no"
538,"yes"
539,"no"
540,"no"
541,"yes"
542,"yes"
543,"yes"
544,"yes"
545,"no"
546,"yes"
547,"yes"
548,"yes"
549,"no"
550,"no"
551,"yes"
552,"no"
553,"no"
554,"no"
555,"yes"
556,"no"
557,"no"
558,"yes"
559,"yes"
560,"yes"
561,"no"
562,"yes"
563,"yes"
564,"yes"
565,"yes"
566,"no"
567,"no"
568,"yes"
569,"yes"
570,"yes"
571,"yes"
572,"yes"
573,"no"
574,"yes"
575,"yes"
576,"yes"
577,"yes"
578,"yes"
579,"yes"
580,"no"
581,"no"
582,"yes"
583,"yes"
584,"yes"
585,"yes"
586,"yes"
587,"no"
588,"yes"
589,"no"
590,"yes"
591,"yes"
592,"no"
593,"no"
594,"no"
595,"no"
596,"yes"
597,"yes"
598,"yes"
599,"no"
600,"yes"
601,"yes"
602,"yes"
603,"yes"
604,"no"
605,"yes"
606,"yes"
607,"yes"
608,"yes"
609,"yes"
610,"yes"
611,"yes"
612,"no"
613,"no"
614,"yes"
615,"no"
616,"no"
617,"yes"
618,"no"
619,"no"
620,"yes"
621,"no"
622,"no"
623,"yes"
624,"no"
625,"yes"
626,"yes"
627,"no"
628,"yes"
629,"no"
630,"yes"
631,"no"
632,"yes"
633,"yes"
634,"yes"
635,"yes"
636,"yes"
637,"yes"
638,"yes"
639,"yes"
640,"no"
641,"yes"
642,"no"
643,"yes"
644,"yes"
645,"no"
646,"yes"
647,"yes"
648,"no"
649,"yes"
650,"yes"
651,"yes"
652,"no"
653,"no"
654,"no"
655,"no"
656,"no"
657,"no"
658,"no"
659,"no"
660,"yes"
661,"yes"
662,"yes"
663,"no"
664,"no"
665,"yes"
666,"no"
667,"no"
668,"no"
669,"no"
670,"no"
671,"yes"
672,"yes"
673,"no"
674,"yes"
675,"yes"
676,"yes"
677,"no"
678,"yes"
679,"yes"
680,"no"
681,"no"
682,"no"
683,"yes"
684,"no"
685,"no"
686,"yes"
687,"no"
688,"yes"
689,"no"
690,"no"
691,"no"
692,"no"
693,"no"
694,"no"
695,"no"
696,"yes"
697,"no"
698,"yes"
699,"yes"
700,"yes"
701,"yes"
702,"yes"
703,"no"
704,"yes"
705,"no"
706,"yes"
707,"yes"
708,"yes"
709,"yes"
710,"no"
711,"no"
712,"no"
713,"yes"
714,"yes"
715,"no"
716,"yes"
717,"yes"
718,"yes"
719,"no"
720,"yes"
721,"no"
722,"yes"
723,"no"
724,"no"
725,"no"
726,"yes"
727,"yes"
728,"yes"
729,"yes"
730,"no"
731,"no"
732,"yes"
733,"no"
734,"no"
735,"yes"
736,"no"
737,"yes"
738,"yes"
739,"no"
740,"no"
741,"yes"
742,"yes"
743,"no"
744,"yes"
745,"no"
746,"yes"
747,"no"
748,"yes"
749,"yes"
750,"no"
751,"no"
752,"no"
753,"yes"
754,"yes"
755,"no"
756,"no"
757,"no"
758,"no"
759,"yes"
760,"yes"
761,"no"
762,"no"
763,"no"
764,"yes"
765,"yes"
766,"no"
767,"no"
768,"yes"
769,"no"
770,"yes"
771,"yes"
772,"yes"
773,"no"
774,"yes"
775,"no"
776,"yes"
777,"yes"
778,"yes"
779,"yes"
780,"no"
781,"no"
782,"yes"
783,"no"
784,"yes"
785,"no"
786,"yes"
787,"no"
788,"no"
789,"yes"
790,"no"
791,"no"
792,"no"
793,"no"
794,"yes"
795,"yes"
796,"no"
797,"yes"
798,"yes"
799,"no"
800,"yes"
801,"yes"
802,"yes"
803,"no"
804,"yes"
805,"no"
806,"no"
807,"yes"
808,"yes"
809,"no"
810,"yes"
811,"yes"
812,"yes"
813,"yes"
814,"no"
815,"yes"
816,"yes"
817,"no"
818,"no"
819,"no"
820,"yes"
821,"yes"
822,"no"
823,"no"
824,"no"
825,"yes"
826,"no"
827,"no"
828,"yes"
829,"yes"
830,"yes"
831,"yes"
832,"yes"
833,"no"
834,"yes"
835,"yes"
836,"yes"
837,"yes"
838,"yes"
839,"yes"
840,"no"
841,"no"
842,"yes"
843,"yes"
844,"yes"
845,"no"
846,"yes"
847,"yes"
848,"yes"
849,"yes"
850,"no"
851,"yes"
852,"no"
853,"yes"
854,"no"
855,"yes"
856,"yes"
857,"yes"
858,"no"
859,"yes"
860,"no"
861,"no"
862,"yes"
863,"no"
864,"no"
865,"yes"
866,"yes"
867,"no"
868,"yes"
869,"yes"
870,"yes"
871,"no"
872,"yes"
873,"yes"
874,"no"
875,"no"
876,"yes"
877,"yes"
878,"no"
879,"no"
880,"yes"
881,"yes"
882,"no"
883,"no"
884,"yes"
885,"yes"
886,"no"
887,"yes"
888,"no"
889,"yes"
890,"yes"
891,"no"
892,"yes"
893,"no"
894,"yes"
895,"yes"
896,"no"
897,"yes"
898,"yes"
899,"yes"
900,"yes"
901,"no"
902,"yes"
903,"no"
904,"yes"
905,"yes"
906,"yes"
907,"no"
908,"yes"
909,"no"
910,"no"
911,"no"
912,"no"
913,"yes"
914,"yes"
915,"yes"
916,"yes"
917,"no"
918,"yes"
919,"yes"
920,"yes"
921,"yes"
922,"yes"
923,"yes"
924,"yes"
925,"yes"
926,"no"
927,"no"
928,"yes"
929,"no"
930,"yes"
931,"no"
932,"no"
933,"yes"
934,"yes"
935,"no"
936,"yes"
937,"yes"
938,"yes"
939,"no"
940,"yes"
941,"yes"
942,"yes"
943,"yes"
944,"no"
945,"no"
946,"no"
947,"yes"
948,"yes"
949,"yes"
950,"yes"
951,"no"
952,"no"
953,"yes"
954,"yes"
955,"yes"
956,"no"
957,"yes"
958,"yes"
959,"yes"
960,"yes"
961,"yes"
962,"no"
963,"no"
964,"no"
965,"yes"
966,"no"
967,"yes"
968,"yes"
969,"yes"
970,"no"
971,"yes"
972,"yes"
973,"yes"
974,"yes"
975,"no"
976,"no"
977,"yes"
978,"yes"
979,"yes"
980,"yes"
981,"no"
982,"no"
983,"no"
984,"no"
985,"yes"
986,"yes"
987,"no"
988,"yes"
989,"no"
990,"no"
991,"no"
992,"no"
993,"yes"
994,"yes"
995,"no"
996,"yes"
997,"yes"
998,"yes"
999,"yes"
1000,"yes"
1001,"no"
1002,"no"
1003,"yes"
1004,"no"
1005,"yes"
1006,"no"
1007,"yes"
1008,"no"
1009,"no"
1010,"yes"
1011,"yes"
1012,"yes"
1013,"no"
1014,"yes"
1015,"yes"
1016,"no"
1017,"yes"
1018,"no"
1019,"no"
1020,"no"
1021,"yes"
1022,"yes"
1023,"yes"
1024,"no"
1025,"yes"
1026,"yes"
1027,"yes"
1028,"yes"
1029,"yes"
1030,"no"
1031,"no"
1032,"yes"
1033,"yes"
1034,"yes"
1035,"yes"
1036,"yes"
1037,"no"
1038,"yes"
1039,"yes"
1040,"yes"
1041,"no"
1042,"no"
1043,"yes"
1044,"yes"
1045,"no"
1046,"yes"
1047,"yes"
1048,"yes"
1049,"yes"
1050,"yes"
1051,"yes"
1052,"yes"
1053,"yes"
1054,"yes"
1055,"yes"
1056,"yes"
1057,"no"
1058,"no"
1059,"yes"
1060,"yes"
1061,"yes"
1062,"no"
1063,"no"
1064,"no"
1065,"yes"
1066,"yes"
1067,"no"
1068,"no"
1069,"yes"
1070,"no"
1071,"yes"
1072,"yes"
1073,"yes"
1074,"no"
1075,"no"
1076,"no"
1077,"yes"
1078,"yes"
1079,"yes"
1080,"no"
1081,"no"
1082,"no"
1083,"yes"
1084,"yes"
1085,"no"
1086,"yes"
1087,"yes"
1088,"yes"
1089,"no"
1090,"yes"
1091,"yes"
1092,"yes"
1093,"yes"
1094,"yes"
1095,"no"
1096,"no"
1097,"yes"
1098,"yes"
1099,"yes"
1100,"no"
1101,"yes"
1102,"no"
1103,"yes"
1104,"no"
1105,"yes"
1106,"yes"
1107,"yes"
1108,"yes"
1109,"yes"
1110,"yes"
1111,"yes"
1112,"yes"
1113,"yes"
1114,"no"
1115,"yes"
1116,"yes"
1117,"yes"
1118,"yes"
1119,"no"
1120,"no"
1121,"yes"
1122,"no"
1123,"no"
1124,"yes"
1125,"no"
1126,"no"
1127,"yes"
1128,"yes"
1129,"yes"
1130,"no"
1131,"yes"
1132,"no"
1133,"no"
1134,"no"
1135,"yes"
1136,"yes"
1137,"yes"
1138,"no"
1139,"no"
1140,"yes"
1141,"no"
1142,"yes"
1143,"yes"
1144,"yes"
1145,"no"
1146,"yes"
1147,"yes"
1148,"yes"
1149,"no"
1150,"yes"
1151,"no"
1152,"no"
1153,"yes"
1154,"yes"
1155,"yes"
1156,"no"
1157,"yes"
1158,"yes"
1159,"yes"
1160,"no"
1161,"no"
1162,"no"
1163,"yes"
1164,"yes"
1165,"no"
1166,"no"
1167,"no"
1168,"no"
1169,"no"
1170,"yes"
1171,"yes"
1172,"yes"
1173,"no"
1174,"yes"
1175,"yes"
1176,"no"
1177,"no"
1178,"yes"
1179,"no"
1180,"no"
1181,"no"
1182,"no"
1183,"no"
1184,"yes"
1185,"no"
1186,"yes"
1187,"yes"
1188,"no"
1189,"yes"
1190,"yes"
1191,"no"
1192,"no"
1193,"no"
1194,"yes"
1195,"no"
1196,"no"
1197,"no"
1198,"yes"
1199,"no"
1200,"no"
1201,"yes"
1202,"yes"
1203,"yes"
1204,"no"
1205,"yes"
1206,"yes"
1207,"no"
1208,"yes"
1209,"yes"
1210,"no"
1211,"no"
1212,"no"
1213,"no"
1214,"no"
1215,"no"
1216,"no"
1217,"no"
1218,"yes"
1219,"no"
1220,"yes"
1221,"no"
1222,"no"
1223,"yes"
1224,"yes"
1225,"yes"
1226,"no"
1227,"no"
1228,"yes"
1229,"yes"
1230,"yes"
1231,"no"
1232,"no"
1233,"yes"
1234,"no"
1235,"no"
1236,"yes"
1237,"no"
1238,"yes"
1239,"no"
1240,"no"
1241,"yes"
1242,"no"
1243,"yes"
1244,"no"
1245,"yes"
1246,"yes"
1247,"no"
1248,"no"
1249,"no"
1250,"yes"
1251,"yes"
1252,"yes"
1253,"yes"
1254,"yes"
1255,"yes"
1256,"yes"
1257,"no"
1258,"yes"
1259,"yes"
1260,"yes"
1261,"yes"
1262,"no"
1263,"no"
1264,"yes"
1265,"yes"
1266,"yes"
1267,"yes"
1268,"yes"
1269,"no"
1270,"yes"
1271,"yes"
1272,"no"
1273,"no"
1274,"yes"
1275,"no"
1276,"yes"
1277,"no"
1278,"yes"
1279,"no"
1280,"yes"
1281,"yes"
1282,"yes"
1283,"yes"
1284,"no"
1285,"yes"
1286,"yes"
1287,"no"
1288,"no"
1289,"no"
1290,"no"
1291,"no"
1292,"no"
1293,"yes"
1294,"yes"
1295,"yes"
1296,"yes"
1297,"no"
1298,"yes"
1299,"yes"
1300,"yes"
1301,"yes"
1302,"yes"
1303,"yes"
1304,"no"
1305,"yes"
1306,"yes"
1307,"yes"
1308,"yes"
1309,"no"
1310,"no"
1311,"no"
1312,"yes"
1313,"no"
1314,"no"
1315,"yes"
1316,"no"
1317,"yes"
1318,"yes"
1319,"no"
1320,"yes"
1321,"yes"
1322,"no"
1323,"yes"
1324,"yes"
1325,"yes"
1326,"yes"
1327,"yes"
1328,"yes"
1329,"no"
1330,"no"
1331,"no"
1332,"no"
1333,"yes"
1334,"yes"
1335,"no"
1336,"yes"
1337,"yes"
1338,"yes"
1339,"no"
1340,"yes"
1341,"yes"
1342,"no"
1343,"yes"
1344,"yes"
1345,"no"
1346,"yes"
1347,"no"
1348,"no"
1349,"no"
1350,"no"
1351,"yes"
1352,"yes"
1353,"yes"
1354,"yes"
1355,"no"
1356,"yes"
1357,"no"
1358,"yes"
1359,"no"
1360,"yes"
1361,"yes"
1362,"yes"
1363,"yes"
1364,"yes"
1365,"no"
1366,"yes"
1367,"no"
1368,"yes"
1369,"no"
1370,"yes"
1371,"yes"
1372,"yes"
1373,"yes"
1374,"yes"
1375,"yes"
1376,"no"
1377,"yes"
1378,"no"
1379,"no"
1380,"no"
1381,"no"
1382,"no"
1383,"yes"
1384,"yes"
1385,"yes"
1386,"no"
1387,"no"
1388,"no"
1389,"yes"
1390,"no"
1391,"yes"
1392,"yes"
1393,"no"
1394,"no"
1395,"yes"
1396,"no"
1397,"yes"
1398,"no"
1399,"yes"
1400,"yes"
1401,"yes"
1402,"no"
1403,"no"
1404,"no"
1405,"yes"
1406,"no"
1407,"yes"
1408,"no"
1409,"yes"
1410,"no"
1411,"yes"
1412,"yes"
1413,"yes"
1414,"yes"
1415,"yes"
1416,"no"
1417,"yes"
1418,"no"
1419,"no"
1420,"yes"
1421,"no"
1422,"yes"
1423,"yes"
1424,"no"
1425,"yes"
1426,"no"
1427,"no"
1428,"yes"
1429,"yes"
1430,"no"
1431,"yes"
1432,"yes"
1433,"no"
1434,"no"
1435,"no"
1436,"no"
1437,"no"
1438,"yes"
1439,"no"
1440,"yes"
1441,"yes"
1442,"no"
1443,"no"
1444,"yes"
1445,"no"
1446,"yes"
1447,"no"
1448,"yes"
1449,"no"
1450,"yes"
1451,"no"
1452,"yes"
1453,"yes"
1454,"yes"
1455,"yes"
1456,"yes"
1457,"yes"
1458,"yes"
1459,"yes"
1460,"no"
1461,"yes"
1462,"no"
1463,"no"
1464,"yes"
1465,"yes"
1466,"yes"
1467,"yes"
1468,"yes"
1469,"no"
1470,"yes"
1471,"no"
1472,"no"
1473,"yes"
1474,"yes"
1475,"yes"
1476,"yes"
1477,"yes"
1478,"yes"
1479,"yes"
1480,"yes"
1481,"yes"
1482,"yes"
1483,"yes"
1484,"yes"
1485,"yes"
1486,"yes"
1487,"yes"
1488,"yes"
1489,"yes"
1490,"no"
1491,"no"
1492,"no"
1493,"yes"
1494,"yes"
1495,"no"
1496,"yes"
1497,"no"
1498,"yes"
1499,"no"
1500,"yes"
1501,"no"
1502,"no"
1503,"no"
1504,"yes"
1505,"no"
1506,"yes"
1507,"yes"
1508,"yes"
1509,"no"
1510,"no"
1511,"yes"
1512,"yes"
1513,"no"
1514,"yes"
1515,"no"
1516,"yes"
1517,"yes"
1518,"yes"
1519,"yes"
1520,"yes"
1521,"yes"
1522,"no"
1523,"yes"
1524,"yes"
1525,"no"
1526,"yes"
1527,"no"
1528,"yes"
1529,"no"
1530,"no"
1531,"yes"
1532,"yes"
1533,"yes"
1534,"no"
1535,"yes"
1536,"no"
1537,"no"
1538,"no"
1539,"no"
1540,"yes"
1541,"yes"
1542,"no"
1543,"yes"
1544,"no"
1545,"yes"
1546,"yes"
1547,"yes"
1548,"no"
1549,"no"
1550,"no"
1551,"yes"
1552,"yes"
1553,"no"
1554,"yes"
1555,"no"
1556,"no"
1557,"yes"
1558,"no"
1559,"yes"
1560,"yes"
1561,"no"
1562,"yes"
1563,"yes"
1564,"yes"
1565,"yes"
1566,"yes"
1567,"yes"
1568,"no"
1569,"yes"
1570,"no"
1571,"yes"
1572,"yes"
1573,"no"
1574,"yes"
1575,"yes"
1576,"yes"
1577,"no"
1578,"yes"
1579,"yes"
1580,"yes"
1581,"yes"
1582,"yes"
1583,"no"
1584,"no"
1585,"yes"
1586,"no"
1587,"yes"
1588,"yes"
1589,"yes"
1590,"no"
1591,"yes"
1592,"no"
1593,"no"
1594,"no"
1595,"yes"
1596,"no"
1597,"no"
1598,"no"
1599,"yes"
1600,"no"
1601,"yes"
1602,"yes"
1603,"yes"
1604,"no"
1605,"yes"
1606,"no"
1607,"yes"
1608,"yes"
1609,"no"
1610,"no"
1611,"yes"
1612,"yes"
1613,"no"
1614,"yes"
1615,"no"
1616,"yes"
1617,"yes"
1618,"yes"
1619,"yes"
1620,"no"
1621,"no"
1622,"yes"
1623,"yes"
1624,"yes"
1625,"no"
1626,"no"
1627,"no"
1628,"yes"
1629,"yes"
1630,"yes"
1631,"yes"
1632,"yes"
1633,"yes"
1634,"no"
1635,"yes"
1636,"yes"
1637,"no"
1638,"yes"
1639,"no"
1640,"yes"
1641,"yes"
1642,"yes"
1643,"yes"
1644,"no"
1645,"no"
1646,"yes"
1647,"yes"
1648,"yes"
1649,"yes"
1650,"yes"
1651,"no"
1652,"yes"
1653,"yes"
1654,"yes"
1655,"no"
1656,"yes"
1657,"yes"
1658,"no"
1659,"yes"
1660,"no"
1661,"no"
1662,"yes"
1663,"yes"
1664,"yes"
1665,"no"
1666,"no"
1667,"no"
1668,"no"
1669,"no"
1670,"no"
1671,"yes"
1672,"no"
1673,"yes"
1674,"no"
1675,"yes"
1676,"no"
1677,"no"
1678,"yes"
1679,"yes"
1680,"no"
1681,"yes"
1682,"yes"
1683,"no"
1684,"yes"
1685,"no"
1686,"yes"
1687,"yes"
1688,"no"
1689,"yes"
1690,"yes"
1691,"yes"
1692,"yes"
1693,"no"
1694,"yes"
1695,"yes"
1696,"no"
1697,"no"
1698,"no"
1699,"yes"
1700,"no"
1701,"yes"
1702,"no"
1703,"no"
1704,"no"
1705,"no"
1706,"yes"
1707,"yes"
1708,"yes"
1709,"no"
1710,"no"
1711,"no"
1712,"yes"
1713,"yes"
1714,"yes"
1715,"yes"
1716,"no"
1717,"yes"
1718,"no"
1719,"yes"
1720,"yes"
1721,"no"
1722,"yes"
1723,"no"
1724,"yes"
1725,"yes"
1726,"yes"
1727,"no"
1728,"yes"
1729,"no"
1730,"no"
1731,"no"
1732,"yes"
1733,"no"
1734,"yes"
1735,"yes"
1736,"yes"
1737,"no"
1738,"no"
1739,"yes"
1740,"no"
1741,"yes"
1742,"yes"
1743,"yes"
1744,"yes"
1745,"yes"
1746,"no"
1747,"no"
1748,"no"
1749,"yes"
1750,"yes"
1751,"no"
1752,"yes"
1753,"yes"
1754,"no"
1755,"yes"
1756,"no"
1757,"yes"
1758,"yes"
1759,"no"
1760,"yes"
1761,"yes"
1762,"no"
1763,"yes"
1764,"no"
1765,"yes"
1766,"no"
1767,"yes"
1768,"yes"
1769,"no"
1770,"no"
1771,"yes"
1772,"yes"
1773,"no"
1774,"yes"
1775,"yes"
1776,"no"
1777,"yes"
1778,"yes"
1779,"yes"
1780,"yes"
1781,"yes"
1782,"yes"
1783,"no"
1784,"yes"
1785,"yes"
1786,"no"
1787,"no"
1788,"no"
1789,"yes"
1790,"no"
1791,"no"
1792,"no"
1793,"no"
1794,"no"
1795,"yes"
1796,"yes"
1797,"no"
1798,"no"
1799,"no"
1800,"yes"
1801,"no"
1802,"yes"
1803,"no"
1804,"yes"
1805,"no"
1806,"yes"
1807,"no"
1808,"no"
1809,"yes"
1810,"no"
1811,"yes"
1812,"yes"
1813,"no"
1814,"no"
1815,"no"
1816,"no"
1817,"yes"
1818,"yes"
1819,"no"
1820,"yes"
1821,"yes"
1822,"yes"
1823,"yes"
1824,"no"
1825,"no"
1826,"no"
1827,"yes"
1828,"no"
1829,"no"
1830,"no"
1831,"no"
1832,"no"
1833,"yes"
1834,"yes"
1835,"no"
1836,"no"
1837,"no"
1838,"yes"
1839,"yes"
1840,"no"
1841,"yes"
1842,"yes"
1843,"no"
1844,"no"
1845,"yes"
1846,"yes"
1847,"yes"
1848,"no"
1849,"no"
1850,"yes"
1851,"yes"
1852,"yes"
1853,"no"
1854,"no"
1855,"no"
1856,"yes"
1857,"no"
1858,"no"
1859,"yes"
1860,"no"
1861,"no"
1862,"no"
1863,"no"
1864,"no"
1865,"no"
1866,"no"
1867,"no"
1868,"no"
1869,"no"
1870,"yes"
1871,"no"
1872,"no"
1873,"yes"
1874,"no"
1875,"no"
1876,"no"
1877,"no"
1878,"no"
1879,"no"
1880,"yes"
1881,"no"
1882,"no"
1883,"no"
1884,"no"
1885,"no"
1886,"no"
1887,"no"
1888,"no"
1889,"no"
1890,"no"
1891,"no"
1892,"no"
1893,"yes"
1894,"no"
1895,"yes"
1896,"no"
1897,"no"
1898,"no"
1899,"no"
1900,"no"
1901,"no"
1902,"no"
1903,"no"
1904,"no"
1905,"yes"
1906,"no"
1907,"no"
1908,"no"
1909,"no"
1910,"no"
1911,"no"
1912,"no"
1913,"no"
1914,"no"
1915,"yes"
1916,"yes"
1917,"no"
1918,"no"
1919,"no"
1920,"no"
1921,"no"
1922,"no"
1923,"yes"
1924,"no"
1925,"no"
1926,"no"
1927,"no"
1928,"no"
1929,"no"
1930,"no"
1931,"no"
1932,"no"
1933,"no"
1934,"no"
1935,"no"
1936,"no"
1937,"no"
1938,"no"
1939,"no"
1940,"yes"
1941,"no"
1942,"no"
1943,"no"
1944,"no"
1945,"no"
1946,"no"
1947,"no"
1948,"no"
1949,"no"
1950,"no"
1951,"no"
1952,"no"
1953,"no"
1954,"no"
1955,"yes"
1956,"no"
1957,"no"
1958,"no"
1959,"no"
1960,"no"
1961,"no"
1962,"no"
1963,"no"
1964,"no"
1965,"yes"
1966,"yes"
1967,"yes"
1968,"no"
1969,"yes"
1970,"no"
1971,"no"
1972,"no"
1973,"no"
1974,"yes"
1975,"no"
1976,"no"
1977,"no"
1978,"no"
1979,"no"
1980,"no"
1981,"no"
1982,"no"
1983,"no"
1984,"no"
1985,"no"
1986,"no"
1987,"no"
1988,"no"
1989,"no"
1990,"no"
1991,"yes"
1992,"no"
1993,"no"
1994,"no"
1995,"no"
1996,"no"
1997,"no"
1998,"no"
1999,"no"
2000,"no"
2001,"no"
2002,"no"
2003,"no"
2004,"yes"
2005,"no"
2006,"no"
2007,"yes"
2008,"yes"
2009,"no"
2010,"yes"
2011,"no"
2012,"no"
2013,"no"
2014,"no"
2015,"no"
2016,"no"
2017,"no"
2018,"no"
2019,"yes"
2020,"no"
2021,"yes"
2022,"no"
2023,"yes"
2024,"no"
2025,"no"
2026,"no"
2027,"no"
2028,"no"
2029,"no"
2030,"no"
2031,"no"
2032,"no"
2033,"no"
2034,"no"
2035,"yes"
2036,"no"
2037,"no"
2038,"no"
2039,"no"
2040,"no"
2041,"no"
2042,"no"
2043,"no"
2044,"no"
2045,"no"
2046,"no"
2047,"no"
2048,"no"
2049,"no"
2050,"no"
2051,"no"
2052,"yes"
2053,"no"
2054,"no"
2055,"no"
2056,"no"
2057,"no"
2058,"no"
2059,"no"
2060,"no"
2061,"no"
2062,"yes"
2063,"yes"
2064,"no"
2065,"no"
2066,"yes"
2067,"no"
2068,"no"
2069,"yes"
2070,"no"
2071,"no"
2072,"no"
2073,"yes"
2074,"no"
2075,"yes"
2076,"yes"
2077,"no"
2078,"no"
2079,"no"
2080,"no"
2081,"no"
2082,"yes"
2083,"no"
2084,"no"
2085,"no"
2086,"yes"
2087,"no"
2088,"no"
2089,"no"
2090,"no"
2091,"no"
2092,"no"
2093,"yes"
2094,"no"
2095,"no"
2096,"no"
2097,"no"
2098,"no"
2099,"no"
2100,"no"
2101,"no"
2102,"no"
2103,"no"
2104,"no"
2105,"no"
2106,"no"
2107,"no"
2108,"no"
2109,"no"
2110,"no"
2111,"no"
2112,"no"
2113,"no"
2114,"no"
2115,"no"
2116,"no"
2117,"no"
2118,"no"
2119,"no"
2120,"no"
2121,"no"
2122,"yes"
2123,"yes"
2124,"no"
2125,"no"
2126,"yes"
2127,"no"
2128,"yes"
2129,"yes"
2130,"no"
2131,"no"
2132,"no"
2133,"no"
2134,"yes"
2135,"yes"
2136,"no"
2137,"no"
2138,"no"
2139,"no"
2140,"no"
2141,"no"
2142,"no"
2143,"no"
2144,"yes"
2145,"no"
2146,"no"
2147,"no"
2148,"no"
2149,"no"
2150,"no"
2151,"yes"
2152,"no"
2153,"no"
2154,"no"
2155,"no"
2156,"no"
2157,"no"
2158,"no"
2159,"no"
2160,"no"
2161,"no"
2162,"no"
2163,"no"
2164,"no"
2165,"yes"
2166,"no"
2167,"no"
2168,"no"
2169,"yes"
2170,"no"
2171,"no"
2172,"yes"
2173,"no"
2174,"no"
2175,"no"
2176,"no"
2177,"no"
2178,"no"
2179,"no"
2180,"no"
2181,"no"
2182,"no"
2183,"no"
2184,"yes"
2185,"no"
2186,"no"
2187,"no"
2188,"no"
2189,"no"
2190,"no"
2191,"no"
2192,"no"
2193,"yes"
2194,"no"
2195,"yes"
2196,"no"
2197,"no"
2198,"yes"
2199,"no"
2200,"yes"
2201,"no"
2202,"no"
2203,"no"
2204,"yes"
2205,"no"
2206,"no"
2207,"no"
2208,"no"
2209,"no"
2210,"no"
2211,"no"
2212,"no"
2213,"no"
2214,"no"
2215,"no"
2216,"yes"
2217,"yes"
2218,"no"
2219,"no"
2220,"no"
2221,"yes"
2222,"no"
2223,"no"
2224,"no"
2225,"no"
2226,"no"
2227,"no"
2228,"no"
2229,"no"
2230,"yes"
2231,"no"
2232,"no"
2233,"no"
2234,"yes"
2235,"no"
2236,"no"
2237,"yes"
2238,"no"
2239,"no"
2240,"no"
2241,"no"
2242,"no"
2243,"yes"
2244,"no"
2245,"yes"
2246,"yes"
2247,"no"
2248,"no"
2249,"no"
2250,"no"
2251,"no"
2252,"no"
2253,"no"
2254,"no"
2255,"yes"
2256,"no"
2257,"no"
2258,"no"
2259,"no"
2260,"yes"
2261,"no"
2262,"no"
2263,"yes"
2264,"no"
2265,"no"
2266,"no"
2267,"no"
2268,"no"
2269,"no"
2270,"no"
2271,"no"
2272,"no"
2273,"yes"
2274,"no"
2275,"no"
2276,"no"
2277,"no"
2278,"no"
2279,"no"
2280,"no"
2281,"yes"
2282,"no"
2283,"no"
2284,"no"
2285,"no"
2286,"no"
2287,"no"
2288,"no"
2289,"no"
2290,"no"
2291,"no"
2292,"no"
2293,"no"
2294,"yes"
2295,"no"
2296,"yes"
2297,"no"
2298,"no"
2299,"no"
2300,"no"
2301,"no"
2302,"no"
2303,"no"
2304,"no"
2305,"yes"
2306,"no"
2307,"no"
2308,"no"
2309,"no"
2310,"no"
2311,"no"
2312,"no"
2313,"no"
2314,"no"
2315,"no"
2316,"no"
2317,"no"
2318,"no"
2319,"yes"
2320,"yes"
2321,"no"
2322,"no"
2323,"no"
2324,"yes"
2325,"no"
2326,"no"
2327,"no"
2328,"no"
2329,"no"
2330,"no"
2331,"no"
2332,"no"
2333,"no"
2334,"no"
2335,"yes"
2336,"no"
2337,"no"
2338,"no"
2339,"no"
2340,"no"
2341,"no"
2342,"yes"
2343,"no"
2344,"no"
2345,"no"
2346,"yes"
2347,"no"
2348,"no"
2349,"no"
2350,"yes"
2351,"no"
2352,"yes"
2353,"no"
2354,"no"
2355,"no"
2356,"yes"
2357,"no"
2358,"no"
2359,"no"
2360,"no"
2361,"no"
2362,"no"
2363,"no"
2364,"no"
2365,"no"
2366,"no"
2367,"yes"
2368,"no"
2369,"no"
2370,"yes"
2371,"no"
2372,"no"
2373,"no"
2374,"no"
2375,"no"
2376,"no"
2377,"yes"
2378,"no"
2379,"no"
2380,"no"
2381,"no"
2382,"no"
2383,"no"
2384,"no"
2385,"no"
2386,"no"
2387,"no"
2388,"no"
2389,"no"
2390,"no"
2391,"no"
2392,"no"
2393,"yes"
2394,"no"
2395,"no"
2396,"yes"
2397,"no"
2398,"no"
2399,"no"
2400,"yes"
2401,"no"
2402,"yes"
2403,"no"
2404,"no"
2405,"no"
2406,"no"
2407,"no"
2408,"yes"
2409,"no"
2410,"no"
2411,"no"
2412,"no"
2413,"no"
2414,"no"
2415,"yes"
2416,"no"
2417,"no"
2418,"no"
2419,"no"
2420,"no"
2421,"no"
2422,"no"
2423,"no"
2424,"no"
2425,"yes"
2426,"no"
2427,"no"
2428,"yes"
2429,"no"
2430,"no"
2431,"no"
2432,"no"
2433,"no"
2434,"no"
2435,"no"
2436,"no"
2437,"no"
2438,"yes"
2439,"no"
2440,"yes"
2441,"no"
2442,"no"
2443,"no"
2444,"no"
2445,"no"
2446,"no"
2447,"no"
2448,"no"
2449,"no"
2450,"no"
2451,"no"
2452,"yes"
2453,"no"
2454,"no"
2455,"no"
2456,"no"
2457,"no"
2458,"no"
2459,"no"
2460,"no"
2461,"no"
2462,"no"
2463,"no"
2464,"no"
2465,"no"
2466,"no"
2467,"yes"
2468,"no"
2469,"no"
2470,"no"
2471,"no"
2472,"no"
2473,"yes"
2474,"no"
2475,"no"
2476,"no"
2477,"yes"
2478,"yes"
2479,"no"
2480,"yes"
2481,"yes"
2482,"no"
2483,"no"
2484,"no"
2485,"no"
2486,"no"
2487,"no"
2488,"no"
2489,"no"
2490,"yes"
2491,"no"
2492,"no"
2493,"no"
2494,"no"
2495,"no"
2496,"no"
2497,"no"
2498,"yes"
2499,"yes"
2500,"no"
2501,"yes"
2502,"no"
2503,"no"
2504,"no"
2505,"no"
2506,"no"
2507,"no"
2508,"no"
2509,"no"
2510,"no"
2511,"no"
2512,"yes"
2513,"no"
2514,"no"
2515,"no"
2516,"no"
2517,"no"
2518,"no"
2519,"yes"
2520,"no"
2521,"no"
2522,"no"
2523,"no"
2524,"no"
2525,"no"
2526,"no"
2527,"no"
2528,"no"
2529,"no"
2530,"yes"
2531,"no"
2532,"no"
2533,"no"
2534,"no"
2535,"no"
2536,"no"
2537,"yes"
2538,"no"
2539,"no"
2540,"no"
2541,"no"
2542,"no"
2543,"no"
2544,"no"
2545,"no"
2546,"no"
2547,"yes"
2548,"no"
2549,"no"
2550,"no"
2551,"no"
2552,"no"
2553,"no"
2554,"no"
2555,"no"
2556,"no"
2557,"no"
2558,"no"
2559,"no"
2560,"no"
2561,"no"
2562,"no"
2563,"no"
2564,"no"
2565,"no"
2566,"yes"
2567,"no"
2568,"no"
2569,"no"
2570,"no"
2571,"no"
2572,"no"
2573,"no"
2574,"yes"
2575,"yes"
2576,"no"
2577,"no"
2578,"no"
2579,"no"
2580,"no"
2581,"yes"
2582,"no"
2583,"no"
2584,"no"
2585,"no"
2586,"no"
2587,"no"
2588,"yes"
2589,"no"
2590,"yes"
2591,"yes"
2592,"no"
2593,"no"
2594,"no"
2595,"yes"
2596,"yes"
2597,"no"
2598,"no"
2599,"no"
2600,"no"
2601,"no"
2602,"no"
2603,"no"
2604,"no"
2605,"no"
2606,"no"
2607,"no"
2608,"no"
2609,"no"
2610,"no"
2611,"no"
2612,"no"
2613,"no"
2614,"no"
2615,"no"
2616,"no"
2617,"no"
2618,"no"
2619,"no"
2620,"no"
2621,"no"
2622,"no"
2623,"no"
2624,"yes"
2625,"no"
2626,"no"
2627,"no"
2628,"no"
2629,"no"
2630,"no"
2631,"no"
2632,"no"
2633,"no"
2634,"no"
2635,"no"
2636,"no"
2637,"no"
2638,"no"
2639,"no"
2640,"yes"
2641,"no"
2642,"no"
2643,"no"
2644,"yes"
2645,"no"
2646,"no"
2647,"no"
2648,"no"
2649,"no"
2650,"no"
2651,"no"
2652,"no"
2653,"no"
2654,"yes"
2655,"no"
2656,"no"
2657,"no"
2658,"yes"
2659,"no"
2660,"no"
2661,"yes"
2662,"yes"
2663,"no"
2664,"no"
2665,"no"
2666,"yes"
2667,"no"
2668,"no"
2669,"yes"
2670,"no"
2671,"no"
2672,"yes"
2673,"yes"
2674,"no"
2675,"yes"
2676,"no"
2677,"no"
2678,"no"
2679,"yes"
2680,"no"
2681,"no"
2682,"no"
2683,"yes"
2684,"no"
2685,"yes"
2686,"no"
2687,"no"
2688,"no"
2689,"no"
2690,"no"
2691,"no"
2692,"no"
2693,"no"
2694,"no"
2695,"no"
2696,"no"
2697,"no"
2698,"no"
2699,"no"
2700,"yes"
2701,"yes"
2702,"no"
2703,"no"
2704,"no"
2705,"no"
2706,"no"
2707,"no"
2708,"no"
2709,"no"
2710,"no"
2711,"no"
2712,"no"
2713,"no"
2714,"no"
2715,"no"
2716,"no"
2717,"yes"
2718,"no"
2719,"no"
2720,"no"
2721,"no"
2722,"no"
2723,"no"
2724,"no"
2725,"no"
2726,"yes"
2727,"no"
2728,"no"
2729,"yes"
2730,"no"
2731,"no"
2732,"yes"
2733,"no"
2734,"no"
2735,"no"
2736,"no"
2737,"no"
2738,"no"
2739,"no"
2740,"no"
2741,"no"
2742,"no"
2743,"no"
2744,"no"
2745,"no"
2746,"no"
2747,"no"
2748,"no"
2749,"no"
2750,"no"
2751,"no"
2752,"no"
2753,"no"
2754,"no"
2755,"no"
2756,"no"
2757,"yes"
2758,"no"
2759,"no"
2760,"no"
2761,"no"
2762,"no"
2763,"no"
2764,"no"
2765,"no"
2766,"no"
2767,"no"
2768,"no"
2769,"no"
2770,"no"
2771,"no"
2772,"yes"
2773,"no"
2774,"no"
2775,"no"
2776,"no"
2777,"yes"
2778,"no"
2779,"no"
2780,"no"
2781,"no"
2782,"no"
2783,"yes"
2784,"no"
2785,"no"
2786,"yes"
2787,"no"
2788,"no"
2789,"no"
2790,"yes"
2791,"no"
2792,"no"
2793,"no"
2794,"no"
2795,"no"
2796,"no"
2797,"no"
2798,"no"
2799,"yes"
2800,"no"
2801,"no"
2802,"no"
2803,"no"
2804,"no"
2805,"yes"
2806,"no"
2807,"no"
2808,"no"
2809,"no"
2810,"no"
2811,"no"
2812,"yes"
2813,"no"
2814,"no"
2815,"yes"
2816,"no"
2817,"no"
2818,"no"
2819,"no"
2820,"no"
2821,"no"
2822,"no"
2823,"no"
2824,"no"
2825,"no"
2826,"no"
2827,"no"
2828,"no"
2829,"no"
2830,"no"
2831,"no"
2832,"no"
2833,"no"
2834,"no"
2835,"no"
2836,"no"
2837,"no"
2838,"no"
2839,"yes"
2840,"no"
2841,"no"
2842,"no"
2843,"no"
2844,"no"
2845,"no"
2846,"no"
2847,"no"
2848,"no"
2849,"yes"
2850,"no"
2851,"no"
2852,"no"
2853,"no"
2854,"no"
2855,"no"
2856,"yes"
2857,"no"
2858,"no"
2859,"no"
2860,"no"
2861,"no"
2862,"no"
2863,"no"
2864,"no"
2865,"yes"
2866,"no"
2867,"no"
2868,"no"
2869,"no"
2870,"no"
2871,"no"
2872,"yes"
2873,"no"
2874,"no"
2875,"no"
2876,"no"
2877,"yes"
2878,"yes"
2879,"no"
2880,"yes"
2881,"no"
2882,"no"
2883,"no"
2884,"no"
2885,"no"
2886,"no"
2887,"no"
2888,"no"
2889,"no"
2890,"no"
2891,"no"
2892,"no"
2893,"no"
2894,"yes"
2895,"yes"
2896,"yes"
2897,"no"
2898,"no"
2899,"no"
2900,"no"
2901,"no"
2902,"no"
2903,"no"
2904,"no"
2905,"no"
2906,"no"
2907,"no"
2908,"no"
2909,"no"
2910,"no"
2911,"no"
2912,"yes"
2913,"yes"
2914,"yes"
2915,"no"
2916,"no"
2917,"yes"
2918,"no"
2919,"no"
2920,"no"
2921,"no"
2922,"no"
2923,"yes"
2924,"no"
2925,"yes"
2926,"no"
2927,"no"
2928,"no"
2929,"no"
2930,"no"
2931,"no"
2932,"yes"
2933,"no"
2934,"no"
2935,"no"
2936,"yes"
2937,"no"
2938,"no"
2939,"no"
2940,"no"
2941,"no"
2942,"no"
2943,"yes"
2944,"no"
2945,"no"
2946,"no"
2947,"yes"
2948,"yes"
2949,"no"
2950,"no"
2951,"no"
2952,"no"
2953,"no"
2954,"no"
2955,"no"
2956,"no"
2957,"no"
2958,"no"
2959,"no"
2960,"no"
2961,"no"
2962,"no"
2963,"no"
2964,"yes"
2965,"no"
2966,"yes"
2967,"yes"
2968,"yes"
2969,"yes"
2970,"no"
2971,"no"
2972,"no"
2973,"no"
2974,"no"
2975,"no"
2976,"no"
2977,"no"
2978,"no"
2979,"no"
2980,"no"
2981,"no"
2982,"no"
2983,"no"
2984,"yes"
2985,"no"
2986,"no"
2987,"yes"
2988,"no"
2989,"yes"
2990,"no"
2991,"no"
2992,"no"
2993,"no"
2994,"no"
2995,"no"
2996,"no"
2997,"no"
2998,"no"
2999,"no"
3000,"no"
3001,"no"
3002,"no"
3003,"no"
3004,"no"
3005,"no"
3006,"no"
3007,"no"
3008,"no"
3009,"no"
3010,"no"
3011,"yes"
3012,"yes"
3013,"yes"
3014,"no"
3015,"no"
3016,"no"
3017,"no"
3018,"no"
3019,"no"
3020,"no"
3021,"no"
3022,"yes"
3023,"no"
3024,"no"
3025,"no"
3026,"no"
3027,"no"
3028,"yes"
3029,"no"
3030,"no"
3031,"no"
3032,"no"
3033,"no"
3034,"yes"
3035,"no"
3036,"yes"
3037,"no"
3038,"no"
3039,"yes"
3040,"no"
3041,"yes"
3042,"no"
3043,"yes"
3044,"no"
3045,"yes"
3046,"yes"
3047,"yes"
3048,"no"
3049,"no"
3050,"no"
3051,"no"
3052,"no"
3053,"no"
3054,"no"
3055,"no"
3056,"no"
3057,"no"
3058,"no"
3059,"no"
3060,"no"
3061,"yes"
3062,"no"
3063,"no"
3064,"no"
3065,"no"
3066,"no"
3067,"yes"
3068,"no"
3069,"no"
3070,"no"
3071,"no"
3072,"yes"
3073,"yes"
3074,"yes"
3075,"no"
3076,"no"
3077,"no"
3078,"no"
3079,"no"
3080,"no"
3081,"no"
3082,"no"
3083,"yes"
3084,"no"
3085,"no"
3086,"no"
3087,"no"
3088,"yes"
3089,"no"
3090,"yes"
3091,"no"
3092,"no"
3093,"no"
3094,"no"
3095,"no"
3096,"yes"
3097,"no"
3098,"no"
3099,"no"
3100,"yes"
3101,"no"
3102,"no"
3103,"no"
3104,"no"
3105,"no"
3106,"no"
3107,"no"
3108,"no"
3109,"no"
3110,"no"
3111,"no"
3112,"no"
3113,"no"
3114,"no"
3115,"yes"
3116,"no"
3117,"no"
3118,"no"
3119,"no"
3120,"yes"
3121,"no"
3122,"no"
3123,"no"
3124,"no"
3125,"no"
3126,"no"
3127,"no"
3128,"no"
3129,"yes"
3130,"no"
3131,"no"
3132,"no"
3133,"no"
3134,"no"
3135,"no"
3136,"no"
3137,"no"
3138,"no"
3139,"no"
3140,"no"
3141,"yes"
3142,"no"
3143,"no"
3144,"yes"
3145,"no"
3146,"no"
3147,"no"
3148,"no"
3149,"no"
3150,"no"
3151,"no"
3152,"yes"
3153,"no"
3154,"no"
3155,"no"
3156,"yes"
3157,"no"
3158,"no"
3159,"no"
3160,"no"
3161,"no"
3162,"no"
3163,"no"
3164,"no"
3165,"no"
3166,"no"
3167,"no"
3168,"no"
3169,"no"
3170,"no"
3171,"yes"
3172,"yes"
3173,"no"
3174,"no"
3175,"no"
3176,"no"
3177,"no"
3178,"no"
3179,"yes"
3180,"no"
3181,"no"
3182,"no"
3183,"no"
3184,"no"
3185,"yes"
3186,"yes"
3187,"no"
3188,"no"
3189,"no"
3190,"no"
3191,"no"
3192,"no"
3193,"no"
3194,"no"
3195,"no"
3196,"no"
3197,"no"
3198,"yes"
3199,"no"
3200,"yes"
3201,"no"
3202,"no"
3203,"no"
3204,"no"
3205,"no"
3206,"no"
3207,"no"
3208,"no"
3209,"no"
3210,"no"
3211,"no"
3212,"no"
3213,"no"
3214,"no"
3215,"no"
3216,"yes"
3217,"yes"
3218,"no"
3219,"no"
3220,"no"
3221,"no"
3222,"no"
3223,"no"
3224,"no"
3225,"no"
3226,"no"
3227,"no"
3228,"no"
3229,"no"
3230,"no"
3231,"no"
3232,"no"
3233,"no"
3234,"no"
3235,"no"
3236,"no"
3237,"no"
3238,"no"
3239,"no"
3240,"no"
3241,"no"
3242,"no"
3243,"no"
3244,"no"
3245,"no"
3246,"no"
3247,"no"
3248,"no"
3249,"no"
3250,"no"
3251,"no"
3252,"yes"
3253,"no"
3254,"no"
3255,"no"
3256,"no"
3257,"no"
3258,"yes"
3259,"no"
3260,"no"
3261,"no"
3262,"no"
3263,"yes"
3264,"yes"
3265,"no"
3266,"no"
3267,"no"
3268,"no"
3269,"no"
3270,"no"
3271,"no"
3272,"yes"
3273,"yes"
3274,"no"
3275,"no"
3276,"no"
3277,"no"
3278,"no"
3279,"no"
3280,"no"
3281,"no"
3282,"no"
3283,"yes"
3284,"no"
3285,"no"
3286,"no"
3287,"no"
3288,"no"
3289,"no"
3290,"yes"
3291,"no"
3292,"no"
3293,"no"
3294,"no"
3295,"no"
3296,"no"
3297,"no"
3298,"yes"
3299,"no"
3300,"no"
3301,"yes"
3302,"no"
3303,"no"
3304,"no"
3305,"no"
3306,"no"
3307,"no"
3308,"yes"
3309,"yes"
3310,"no"
3311,"no"
3312,"no"
3313,"no"
3314,"yes"
3315,"yes"
3316,"no"
3317,"yes"
3318,"no"
3319,"no"
3320,"no"
3321,"no"
3322,"no"
3323,"no"
3324,"no"
3325,"no"
3326,"no"
3327,"yes"
3328,"no"
3329,"no"
3330,"no"
3331,"no"
3332,"no"
3333,"no"
3334,"no"
3335,"no"
3336,"no"
3337,"no"
3338,"yes"
3339,"no"
3340,"no"
3341,"no"
3342,"no"
3343,"no"
3344,"yes"
3345,"no"
3346,"no"
3347,"no"
3348,"no"
3349,"no"
3350,"yes"
3351,"no"
3352,"no"
3353,"no"
3354,"no"
3355,"no"
3356,"no"
3357,"no"
3358,"no"
3359,"no"
3360,"no"
3361,"no"
3362,"no"
3363,"no"
3364,"no"
3365,"yes"
3366,"no"
3367,"no"
3368,"yes"
3369,"no"
3370,"no"
3371,"no"
3372,"no"
3373,"yes"
3374,"no"
3375,"yes"
3376,"no"
3377,"no"
3378,"no"
3379,"yes"
3380,"no"
3381,"no"
3382,"no"
3383,"no"
3384,"no"
3385,"no"
3386,"no"
3387,"yes"
3388,"yes"
3389,"no"
3390,"no"
3391,"no"
3392,"no"
3393,"no"
3394,"no"
3395,"no"
3396,"no"
3397,"no"
3398,"no"
3399,"no"
3400,"no"
3401,"no"
3402,"yes"
3403,"no"
3404,"no"
3405,"no"
3406,"yes"
3407,"no"
3408,"no"
3409,"yes"
3410,"yes"
3411,"no"
3412,"no"
3413,"no"
3414,"no"
3415,"no"
3416,"yes"
3417,"yes"
3418,"no"
3419,"no"
3420,"no"
3421,"no"
3422,"no"
3423,"no"
3424,"no"
3425,"no"
3426,"no"
3427,"yes"
3428,"no"
3429,"yes"
3430,"no"
3431,"no"
3432,"yes"
3433,"no"
3434,"no"
3435,"no"
3436,"no"
3437,"yes"
3438,"no"
3439,"no"
3440,"no"
3441,"no"
3442,"yes"
3443,"no"
3444,"no"
3445,"no"
3446,"no"
3447,"no"
3448,"yes"
3449,"no"
3450,"yes"
3451,"no"
3452,"no"
3453,"no"
3454,"no"
3455,"no"
3456,"yes"
3457,"no"
3458,"no"
3459,"no"
3460,"yes"
3461,"yes"
3462,"yes"
3463,"no"
3464,"yes"
3465,"no"
3466,"no"
3467,"no"
3468,"no"
3469,"no"
3470,"no"
3471,"no"
3472,"no"
3473,"no"
3474,"no"
3475,"no"
3476,"no"
3477,"yes"
3478,"no"
3479,"no"
3480,"no"
3481,"no"
3482,"no"
3483,"no"
3484,"no"
3485,"no"
3486,"no"
3487,"no"
3488,"no"
3489,"no"
3490,"yes"
3491,"no"
3492,"no"
3493,"yes"
3494,"no"
3495,"no"
3496,"no"
3497,"no"
3498,"yes"
3499,"no"
3500,"no"
3501,"no"
3502,"no"
3503,"yes"
3504,"no"
3505,"no"
3506,"yes"
3507,"no"
3508,"yes"
3509,"no"
3510,"no"
3511,"no"
3512,"yes"
3513,"no"
3514,"no"
3515,"no"
3516,"no"
3517,"no"
3518,"no"
3519,"no"
3520,"no"
3521,"no"
3522,"no"
3523,"no"
3524,"no"
3525,"no"
3526,"no"
3527,"no"
3528,"no"
3529,"no"
3530,"no"
3531,"no"
3532,"no"
3533,"no"
3534,"no"
3535,"no"
3536,"no"
3537,"no"
3538,"no"
3539,"no"
3540,"no"
3541,"no"
3542,"no"
3543,"no"
3544,"no"
3545,"yes"
3546,"yes"
3547,"no"
3548,"no"
3549,"no"
3550,"no"
3551,"no"
3552,"yes"
3553,"no"
3554,"yes"
3555,"yes"
3556,"no"
3557,"no"
3558,"yes"
3559,"no"
3560,"yes"
3561,"no"
3562,"no"
3563,"no"
3564,"no"
3565,"no"
3566,"no"
3567,"no"
3568,"no"
3569,"no"
3570,"yes"
3571,"no"
3572,"no"
3573,"yes"
3574,"no"
3575,"no"
3576,"no"
3577,"no"
3578,"yes"
3579,"no"
3580,"no"
3581,"no"
3582,"no"
3583,"yes"
3584,"no"
3585,"no"
3586,"no"
3587,"no"
3588,"no"
3589,"no"
3590,"no"
3591,"no"
3592,"no"
3593,"no"
3594,"no"
3595,"yes"
3596,"no"
3597,"no"
3598,"yes"
3599,"no"
3600,"no"
3601,"no"
3602,"no"
3603,"no"
3604,"no"
3605,"no"
3606,"no"
3607,"no"
3608,"no"
3609,"no"
3610,"no"
3611,"no"
3612,"no"
3613,"no"
3614,"no"
3615,"yes"
3616,"yes"
3617,"no"
3618,"no"
3619,"yes"
3620,"yes"
3621,"no"
3622,"no"
3623,"no"
3624,"no"
3625,"no"
3626,"no"
3627,"no"
3628,"no"
3629,"no"
3630,"no"
3631,"no"
3632,"no"
3633,"yes"
3634,"no"
3635,"no"
3636,"yes"
3637,"no"
3638,"yes"
3639,"no"
3640,"no"
3641,"no"
3642,"yes"
3643,"no"
3644,"no"
3645,"no"
3646,"yes"
3647,"yes"
3648,"yes"
3649,"no"
3650,"no"
3651,"no"
3652,"no"
3653,"no"
3654,"no"
3655,"no"
3656,"no"
3657,"no"
3658,"no"
3659,"no"
3660,"no"
3661,"no"
3662,"no"
3663,"yes"
3664,"no"
3665,"no"
3666,"no"
3667,"no"
3668,"yes"
3669,"no"
3670,"no"
3671,"no"
3672,"no"
3673,"no"
3674,"no"
3675,"yes"
3676,"no"
3677,"no"
3678,"no"
3679,"no"
3680,"no"
3681,"no"
3682,"yes"
3683,"no"
3684,"no"
3685,"no"
3686,"no"
3687,"no"
3688,"no"
3689,"no"
3690,"no"
3691,"no"
3692,"no"
3693,"no"
3694,"no"
3695,"no"
3696,"no"
3697,"no"
3698,"no"
3699,"no"
3700,"yes"
3701,"no"
3702,"no"
3703,"no"
3704,"no"
3705,"no"
3706,"no"
3707,"no"
3708,"no"
3709,"no"
3710,"no"
3711,"no"
3712,"no"
3713,"no"
3714,"no"
3715,"no"
3716,"no"
3717,"no"
3718,"no"
3719,"yes"
3720,"no"
3721,"no"
3722,"yes"
3723,"no"
3724,"yes"
3725,"no"
3726,"no"
3727,"no"
3728,"no"
3729,"no"
3730,"no"
3731,"yes"
3732,"no"
3733,"no"
3734,"no"
3735,"no"
3736,"yes"
3737,"no"
3738,"no"
3739,"no"
3740,"no"
3741,"no"
3742,"no"
3743,"no"
3744,"no"
3745,"no"
3746,"no"
3747,"no"
3748,"no"
3749,"no"
3750,"no"
3751,"yes"
3752,"no"
3753,"no"
3754,"no"
3755,"no"
3756,"no"
3757,"no"
3758,"no"
3759,"no"
3760,"no"
3761,"no"
3762,"no"
3763,"no"
3764,"yes"
3765,"no"
3766,"no"
3767,"no"
3768,"no"
3769,"yes"
3770,"no"
3771,"no"
3772,"yes"
3773,"no"
3774,"no"
3775,"no"
3776,"yes"
3777,"no"
3778,"no"
3779,"no"
3780,"no"
3781,"no"
3782,"no"
3783,"yes"
3784,"no"
3785,"no"
3786,"no"
3787,"yes"
3788,"no"
3789,"yes"
3790,"no"
3791,"no"
3792,"no"
3793,"no"
3794,"no"
3795,"no"
3796,"no"
3797,"no"
3798,"no"
3799,"yes"
3800,"no"
3801,"no"
3802,"no"
3803,"no"
3804,"no"
3805,"no"
3806,"no"
3807,"no"
3808,"no"
3809,"no"
3810,"no"
3811,"no"
3812,"yes"
3813,"no"
3814,"no"
3815,"no"
3816,"no"
3817,"no"
3818,"no"
3819,"no"
3820,"no"
3821,"no"
3822,"no"
3823,"yes"
3824,"yes"
3825,"yes"
3826,"no"
3827,"no"
3828,"no"
3829,"no"
3830,"no"
3831,"no"
3832,"no"
3833,"no"
3834,"no"
3835,"no"
3836,"no"
3837,"yes"
3838,"no"
3839,"no"
3840,"no"
3841,"no"
3842,"no"
3843,"yes"
3844,"no"
3845,"no"
3846,"no"
3847,"yes"
3848,"no"
3849,"no"
3850,"no"
3851,"no"
3852,"no"
3853,"no"
3854,"no"
3855,"no"
3856,"no"
3857,"no"
3858,"no"
3859,"yes"
3860,"yes"
3861,"no"
3862,"no"
3863,"no"
3864,"yes"
3865,"no"
3866,"yes"
3867,"no"
3868,"no"
3869,"yes"
3870,"no"
3871,"no"
3872,"no"
3873,"no"
3874,"no"
3875,"no"
3876,"no"
3877,"no"
3878,"no"
3879,"no"
3880,"no"
3881,"no"
3882,"no"
3883,"no"
3884,"no"
3885,"no"
3886,"no"
3887,"no"
3888,"no"
3889,"no"
3890,"no"
3891,"no"
3892,"no"
3893,"no"
3894,"no"
3895,"no"
3896,"no"
3897,"no"
3898,"no"
3899,"no"
3900,"yes"
3901,"no"
3902,"yes"
3903,"yes"
3904,"no"
3905,"no"
3906,"no"
3907,"no"
3908,"no"
3909,"no"
3910,"no"
3911,"no"
3912,"no"
3913,"no"
3914,"no"
3915,"no"
3916,"no"
3917,"yes"
3918,"yes"
3919,"no"
3920,"no"
3921,"no"
3922,"no"
3923,"no"
3924,"no"
3925,"no"
3926,"no"
3927,"yes"
3928,"no"
3929,"no"
3930,"no"
3931,"no"
3932,"no"
3933,"no"
3934,"no"
3935,"no"
3936,"no"
3937,"no"
3938,"yes"
3939,"no"
3940,"no"
3941,"no"
3942,"no"
3943,"no"
3944,"no"
3945,"no"
3946,"no"
3947,"no"
3948,"no"
3949,"no"
3950,"no"
3951,"yes"
3952,"no"
3953,"no"
3954,"no"
3955,"no"
3956,"no"
3957,"no"
3958,"no"
3959,"yes"
3960,"no"
3961,"no"
3962,"no"
3963,"no"
3964,"no"
3965,"yes"
3966,"no"
3967,"no"
3968,"no"
3969,"no"
3970,"no"
3971,"no"
3972,"no"
3973,"no"
3974,"no"
3975,"no"
3976,"no"
3977,"no"
3978,"no"
3979,"no"
3980,"yes"
3981,"no"
3982,"yes"
3983,"no"
3984,"no"
3985,"no"
3986,"no"
3987,"no"
3988,"no"
3989,"no"
3990,"no"
3991,"no"
3992,"no"
3993,"no"
3994,"no"
3995,"no"
3996,"no"
3997,"yes"
3998,"yes"
3999,"no"
4000,"no"
4001,"no"
4002,"no"
4003,"no"
4004,"no"
4005,"yes"
4006,"no"
4007,"no"
4008,"no"
4009,"no"
4010,"no"
4011,"no"
4012,"no"
4013,"yes"
4014,"no"
4015,"yes"
4016,"no"
4017,"no"
4018,"no"
4019,"yes"
4020,"no"
4021,"no"
4022,"no"
4023,"no"
4024,"no"
4025,"no"
4026,"yes"
4027,"no"
4028,"no"
4029,"no"
4030,"no"
4031,"no"
4032,"no"
4033,"no"
4034,"no"
4035,"no"
4036,"no"
4037,"no"
4038,"no"
4039,"no"
4040,"no"
4041,"no"
4042,"no"
4043,"no"
4044,"no"
4045,"no"
4046,"yes"
4047,"no"
4048,"no"
4049,"no"
4050,"no"
4051,"no"
4052,"no"
4053,"no"
4054,"no"
4055,"no"
4056,"no"
4057,"no"
4058,"no"
4059,"no"
4060,"no"
4061,"no"
4062,"no"
4063,"yes"
4064,"no"
4065,"no"
4066,"no"
4067,"no"
4068,"no"
4069,"no"
4070,"no"
4071,"no"
4072,"yes"
4073,"no"
4074,"no"
4075,"no"
4076,"yes"
4077,"yes"
4078,"no"
4079,"no"
4080,"no"
4081,"yes"
4082,"no"
4083,"no"
4084,"no"
4085,"no"
4086,"no"
4087,"no"
4088,"no"
4089,"no"
4090,"no"
4091,"no"
4092,"yes"
4093,"no"
4094,"no"
4095,"no"
4096,"no"
4097,"no"
4098,"no"
4099,"no"
4100,"no"
4101,"no"
4102,"yes"
4103,"no"
4104,"yes"
4105,"yes"
4106,"no"
4107,"no"
4108,"yes"
4109,"no"
4110,"no"
4111,"no"
4112,"no"
4113,"yes"
4114,"no"
4115,"no"
4116,"no"
4117,"no"
